l_name,f_name,title,read_status,category
Brown,Dan,Angeles and Demons,audio,action_adventure
Brown,Dan,Deception Point,audio,action_adventure
Brown,Dan,Digital Fortress,audio,action_adventure
Brown,Dan,Inferno,audio,action_adventure
Brown,Dan,Origin,audio,action_adventure
Brown,Dan,The Da Vinci Code,audio,action_adventure
Brown,Dan,The Lost Symbol,audio,action_adventure
Burton,Mary,Never Look Back,audio,action_adventure
Chaucer,Geoffrey,The Canterbury Tales,audio,action_adventure
Coelho,Paulo,The Alchemist,audio,action_adventure
Connell,Richard,The Most Dangerous Form,none,action_adventure
Conrad,Joseph,Heart of Darkness,audio,action_adventure
Conrad,Joseph,Lord Jim,audio,action_adventure
Conrad,Joseph,Nostromo,audio,action_adventure
Cooper,James Fenimore,The Last of the Mohicans,none,action_adventure
Cooper,James Fenimore,The Prairie,none,action_adventure
Cooper,James Fenirmore,The Deer Slayer,audio,action_adventure
Crane,Stephen,The Red Badge of Courage,audio,action_adventure
Defoe,Daniel,Robinson Crusoe,audio,action_adventure
Defoe,Daniel,Serious Reflections During the Life and Surprising Adventures of Robinson Crusoe,none,action_adventure
Defoe,Daniel,The Farther Adventures of Robinson Crusoe,none,action_adventure
Dickens,Charles,A Christmas Carol,none,action_adventure
Dickens,Charles,A Tale of Two Cities,none,action_adventure
Dickens,Charles,Bleak House,none,action_adventure
Dickens,Charles,David Copperfield,none,action_adventure
Dickens,Charles,Great Expectations,none,action_adventure
Dickens,Charles,Our Mutual Friend,none,action_adventure
Dickens,Charles,The Adventures of Oliver Twist,none,action_adventure
Dickens,Charles,The Pickwick Papers,none,action_adventure
Doyle,Arthur Conan,The Lost World,audio,action_adventure
Dumas,Alexandre,The Count of Monte Cristo,audio,action_adventure
Dumas,Alexandre,The Three Musketeers,none,action_adventure
Faulkner,William,Absalom Absalom,none,action_adventure
Faulkner,William,As I Lay Dying,audio,action_adventure
Ford,Ford Madox,The Good Soldier,none,action_adventure
Forster,EM,A Passage to India,none,action_adventure
Golding,William,Lord of the Flies,none,action_adventure
Grahame,Kenneth,The Wind in the Willows,none,action_adventure
Graves,Robert,I Claudius,none,action_adventure
Heinlein,Robert,Time Enough for Love,none,action_adventure
Heller,Joseph,Catch 22,none,action_adventure
Hemingway,Ernest,A Farewell to Arms,none,action_adventure
Hemingway,Ernest,For Whom the Bell Tolls,none,action_adventure
Hemingway,Ernest,The Old Man and the Sea,none,action_adventure
Hemingway,Ernest,The Sun Also Rises,none,action_adventure
Hugo,Victor,The Hunchback of Notre Dame,none,action_adventure
India Iran Iraq Egypt,,One Thousand and One Nights,none,action_adventure
Joyce,James,Ulysses,none,action_adventure
Kipling,Rudyard,The Jungle Books,audio,action_adventure
Llosa,Mario Vargas,The War of the End of the World,none,action_adventure
London,Jack,The Call Of The Wild,none,action_adventure
London,Jack,The Sea Wolf,none,action_adventure
London,Jack,White Fang,none,action_adventure
Lowry,Malcolm,Under the Volcano ,none,action_adventure
Mann,Thomas,The Magic Mountain,none,action_adventure
Melville,Herman,Moby Dick,audio,action_adventure
Morrison,Toni,Beloved,none,action_adventure
Steinbeck,John,East of Eden,audio,action_adventure
Steinbeck,John,Of Mice and Men,none,action_adventure
Steinbeck,John,The Grapes of Wrath,none,action_adventure
Stendhal,,The Charterhouse of Parma,none,action_adventure
Stendhal,,The Red and the Black,none,action_adventure
Stevenson,Robert Louis,Treasure Island,none,action_adventure
Twain,Mark,The Adventures of Huckleberry Finn,none,action_adventure
Twain,Mark,The Adventures of Tom Sawyer,none,action_adventure
Unknown,,Beowulf,none,action_adventure
Unknown,,Epic of Gilgamesh,none,action_adventure
Unknown,,The Nibelungenlied,none,action_adventure
Verne,Jules,Twenty Thousand Leagues Under the Sea,none,action_adventure
Warren,Robert Penn,All the Kings Men,none,action_adventure
Yourcenar,Marguerite,Memoirs of Hadrian,none,action_adventure
de Cervantes,Miguel,Don Quixote,audio,action_adventure
de Laclos,Pierre Choderlos,Dangerous Liaisons,none,action_adventure
Acemoglu,Daron,Why Nations Fail,none,anthropology
Ali,Ayaan Hirsi,The Caged Virgin,none,anthropology
Becker,Ernest,The Denial of Death,none,anthropology
Bernstein,William,A Splendid Exchange,none,anthropology
Bloom,Allan,The Closing of the American Mind,none,anthropology
Bloom,Harold,The Western Canon,none,anthropology
Bohm,David,On Dialogue,none,anthropology
Bostrom,Nick,Superintelligence,none,anthropology
Brown,Lester,Full Planet Empty Plates,paper,anthropology
Butler,Smedley,War is a Racket,none,anthropology
Carlin,Dan,The End is Always Near,audio,anthropology
Chase,Stuart,The Tyranny of Words,none,anthropology
Chesterfield,Lord,Letters to His Son,none,anthropology
Chomsky,Noam,Hegemony of Survival,audio,anthropology
Chomsky,Noam,Power Systems,audio,anthropology
Clippinger,John,From Bitcoin to Burning Man and Beyond,none,anthropology
Cowen,Tyler,Creative Destruction,none,anthropology
Coyle,Daniel,"The Culture Code	",none,anthropology
Diamond,Jared,Guns Germs and Steel,audio,anthropology
Diamond,Jared,The Third Chimpanzee,audio,anthropology
Dintersmith,Ted,What School Could Be,none,anthropology
Friedman,Thomas,Thank You for Being Late,none,anthropology
Grant,Adam,Originals,none,anthropology
Greene,Robert,The Laws of Human Nature,none,anthropology
Haass,Richard,The World,none,anthropology
Haidt,Jonathan,The Happiness Hypothesis,none,anthropology
Haidt,Jonathan,The Righteous Mind,none,anthropology
Harris,Sam,Lying,audio,anthropology
Harris,Sam,The Moral Landscape,none,anthropology
Henrich,Joseph,The Secret of our Success,none,anthropology
Heying,Heather,A Hunter-Gatherer's Guide to the 21st Century,none,anthropology
Hoffer,Eric,The True Believer,none,anthropology
Isenberg,Nancy,White Trash,audio,anthropology
Kaczynski,Theodore,Industrial Society and Its Future,none,anthropology
Kaczynski,Theodore,Technological Slavery,none,anthropology
Kaczynski,Theodore,Anti-Tech Revolution,none,anthropology
Kaczynski,Theodore,The Truth About Primitive Life,none,anthropology
Klein,Gary,Sources of Power,none,anthropology
Leslie,Ian,Curious,none,anthropology
Levitt,Steven,Freakonomics,none,anthropology
Levitt,Steven,Super Freakonomics,none,anthropology
Levitt,Steven,Think Like a Freak,audio,anthropology
Lewis,Michael,Moneyball,audio,anthropology
Lewis,Michael,The Fifth Risk,none,anthropology
Lomborg,Bjorn,How to Spend $75 Billion to Make the World a Better Place,none,anthropology
Lorimer,George Horace,Letters from a Self Made Merchant to His Son,none,anthropology
Machiavelli,Niccolo,The Prince,none,anthropology
Monroe,Randall,How to,none,anthropology
Munroe,Randall,What If,none,anthropology
Murray,Charles,The Bell Curve,none,anthropology
Murray,Douglas,The Madness of Crowds,none,anthropology
Nelson,Julie,Economics for Humans,none,anthropology
Nichols,Tom,The Death of Expertise,audio,anthropology
ONeill,Gerard,2081,none,anthropology
Pinker,Steven,Do Humankinds Best Days Lie Ahead,none,anthropology
Pirsig,Robert,Lila,none,anthropology
Pirsig,Robert,Zen and the Art of Motorcycle Maintenance,audio,anthropology
Plutarch,,How to Profit by Ones Enemies,none,anthropology
Ridley,Matt,How Innovation Works,none,anthropology
Ridley,Matt,The Rational Optimist,none,anthropology
Rutherford,Adam,A Brief History of Everyone Who Ever Lived,audio,anthropology
Scheidel,Walter,The Great Leveler,none,anthropology
Schulz,Kathryn,Being Wrong,none,anthropology
Silver,Nate,The Signal and the Noise,none,anthropology
Sowell,Thomas,Intellectuals and Society,audio,anthropology
Stiles,TJ,The First Tycoon,none,anthropology
Taleb,Nassim,Antifragile,audio,anthropology
Taleb,Nassim,Fooled by Randomness,audio,anthropology
Taleb,Nassim,Skin in the Game,audio,anthropology
Taleb,Nassim,The Bed of Procrustes,audio,anthropology
Taleb,Nassim,The Black Swan ,audio,anthropology
Tapscott,Don,Wikinomics,none,anthropology
Thoreau,Henry David,Walden,none,anthropology
Turchin,Peter,Ultra Society,none,anthropology
Vance,JD,Hillbilly Elegy,audio,anthropology
Wouk,Herman,Sailor and Fiddler,none,anthropology
van Baeyer,Hans,Information,none,anthropology
Arnold,Matthew,Marcus Aurelius,none,biography
Baer,Robert,The Company We Keep,Audio,biography
Bakewell,Sarah,How to Live,none,biography
Barlett,Donald,Howard Hughes,none,biography
Barsky,Jack,Deep Undercover,audio,biography
Bugliosi,Vincent,Helter Skelter,none,biography
Caro,Robert,The Power Broker,none,biography
Chernow,Ron,Alexander Hamilton,audio,biography
Chernow,Ron,Titan,none,biography
Chernow,Ron,Washington,audio,biography
Darwin,Charles,The Autobiography of Charles Darwin,none,biography
Douglas,Frederick,My Bondage and My Freedom,none,biography
Feynman,Richard,Surely Youre Joking Mr Feynman,audio,biography
Feynman,Richard,What Do You Care What Other People Think,audio,biography
Finkel,Michael,The Stranger in the Woods,none,biography
Gaddis,Thomas,Panzram,none,biography
Gleick,James,Genius,audio,biography
Gleick,James,Isaac Newton,audio,biography
Goodman,Rob,Romes Last Citizen,none,biography
Goodwin,Doris Kearns,Team of Rivals,none,biography
Grant,Ulysses S,Personal Memoirs of Ulysses S Grant,none,biography
Grazer,Brian,A Curious Mind,audio,biography
Hadot,Pierre,The Inner Citadel,none,biography
Haley,Alex,The Autobiography of Malcolm X,none,biography
Hart,BH Liddell,Sherman,none,biography
Iacocca,Lee,Iacocca,none,biography
Isaacson,Walter,Benjamin Franklin,none,biography
Isaacson,Walter,Einstein,none,biography
Isaacson,Walter,Kissinger,audio,biography
Isaacson,Walter,Leonardo da Vinci,audio,biography
Isaacson,Walter,Profiles in Leadership,audio,biography
Isaacson,Walter,Steve Jobs,none,biography
Isaacson,Walter,The Innovators,audio,biography
Isaacson,Walter,The Wise Men,none,biography
Jackson,Julian,A Certain Idea of France,none,biography
Johnson,Paul,Socrates,none,biography
Jorgenson,Eric,The Almanack of Naval Ravikant,none,biography
Josephson,Matthew,Edison,none,biography
Kalanithi,Paul,When Breath Becomes Air,audio,biography
Krauss,Lawrence,Quantum Man,audio,biography
Lansing,Alfred,Endurance,audio,biography
Lawrence,TE,The Seven Pillars of Wisdom,none,biography
Lewis,Michael,Coach,audio,biography
Lewis,Michael,The Undoing Project,audio,biography
Malcolm X,,The Autobiography of Malcolm X,none,biography
Mann,Charles,1493,none,biography
McConaughey,Matthew,Greenlights,audio,biography
McKeown,Les,Predictable Success,none,biography
Metaxas,Eric,Amazing Grace,none,biography
Metaxas,Eric,Bonhoeffer,none,biography
Millard,Candice,The River of Doubt,none,biography
Morris,Edmund,The Rise of Theodore Roosevelt,none,biography
Nasar,Sylvia,A Beautiful Mind,audio,biography
Nasaw,David,Andrew Carnegie,audio,biography
Oates,Stephen,Let the Trumpet Sound,none,biography
Oates,Stephen,With Malice Towards None,none,biography
Ohanian,Hans,Einsteins Mistakes,none,biography
Orielly,Bill,Killing England,audio,biography
Orielly,Bill,Killing Jesus,audio,biography
Orielly,Bill,Killing Kennedy,audio,biography
Orielly,Bill,Killing Lincoln,audio,biography
Orielly,Bill,Killing Patton,audio,biography
Orielly,Bill,Killing Reagan,audio,biography
Orielly,Bill,Killing the Rising Sun,audio,biography
Orielly,Bill,Killing the SS,audio,biography
Palahniuk,Chuck,Consider This,none,biography
Plutarch,,Plutarchs Lives,none,biography
Quammen,David,The Reluctant Mr Darwin,audio,biography
Reiss,Tom,Black Count,none,biography
Romney,Mitt,No Apology,none,biography
Roosevelt,Theodore,Hunting Trips of a Ranchman and The Wilderness Hunter,none,biography
Safranski,Rudiger,Goethe,none,biography
Sandburg,Carl,Abraham Lincoln,none,biography
Sanders,Ed,The Family,none,biography
Schroeder,Alice,The Snowball,none,biography
Sherman,William Tecumseh,Memoirs of General WT Sherman,none,biography
Smith,Jean Edward,Eisenhower in War and Peace,none,biography
Snowden,Edward,Permanent Record,audio,biography
Solzhenitsyn,Aleksandr,One Day in the Life of Ivan Denisovich,audio,biography
Solzhenitsyn,Aleksandr,The Gulag Archipelago Volume 1,none,biography
Solzhenitsyn,Aleksandr,The Gulag Archipelago Volume 2,none,biography
Solzhenitsyn,Aleksandr,The Gulag Archipelago Volume 3,none,biography
Stevenson,Robert Louis,Travels with a Donkey in the Cervennes,none,biography
Stewart,Gary,The Most Dangerous Animal of All,audio,biography
Stone,Brad,The Everything Store,none,biography
Taliaferro,John,All the Great Prizes,none,biography
Terry,Maury,The Ultimate Evil,none,biography
Tolstoy,Leo,A Confession,none,biography
Vance,Ashlee,Elon Musk,audio,biography
Wall,Joseph Frazier,Andrew Carnegie,none,biography
Washington,Booker T,Up from Slavery,none,biography
Wilson,Emily,The Greatest Empire,none,biography
Xenophon,,Cyrus the Great,none,biography
Zaleski,Carol,The Fellowship,none,biography
Zweig,Stefan,Magellan,none,biography
Zweig,Stefan,Montaigne,none,biography
Adams,Scott,How to Fail at Almost Everything and Still Win Big,none,business
Adams,Scott,Loserthink,audio,business
Brodsky,Norm,Street Smarts,audio,business
Brooks,John,Business Adventures,none,business
Brook,Yaron,Free Market Revolution,audio,business
Carroll,Paul,Billion Dollar Lessons,none,business
Catmull,Ed,Creativity Inc,audio,business
Christensen,Clayton,The Innovators Dilemma,none,business
Collins,Jim,Beyond Entrepreeurship 2.0,none,business
Collins,Jim,Built to Last,none,business
Collins,Jim,Dream Big ,none,business
Collins,Jim,Great by Choice,none,business
Collins,Jim,How the Mighty Fall,none,business
Dalio,Ray,Principles,audio,business
Davenport,Chistian,The Space Barons,audio,business
Dignan,Aaron,Brave New Work,none,business
Drucker,Peter,The Effective Executive,none,business
Gage,Randy,Mad Genius,audio,business
Gannett,Allen,The Creative Curve,none,business
Gerber,Michael,Awaken the Entrepreneur Within,audio,business
Gerber,Michael,The E Myth Mastery,audio,business
Gerber,Michael,The E Myth Revisited,audio,business
Godin,Seth,Guerrilla Marketing for Home Based Businesses,audio,business
Godin,Seth,Meatball Sundae,audio,business
Godin,Seth,Permission Marketing,audio,business
Godin,Seth,Purple Cow,audio,business
Godin,Seth,Survival is not Enough,none,business
Godin,Seth,The Icarus Deception,audio,business
Godin,Seth,Unleashing the Idea Virus,audio,business
Goldsmith,Marshall,What Got You Here Wont Get You There,none,business
Guillebeau,Chris,The $100 Startup,audio,business
Heath,Chip,Made to Stick,none,business
Holiday,Ryan,Growth Hacker Marketing,none,business
Holiday,Ryan,Perennial Seller,none,business
Holiday,Ryan,Trust Me Im Lying,audio,business
Keller,Gary,The ONE Thing,none,business
Kidder,David,The Startup Playbook,none,business
Longhurst,Jongo,1000 True Fans,none,business
Mackay,Harvey,Dig Your Well Before Youre Thirsty,none,business
Mauborgne,Renee,Blue Ocean Shift,audio,business
Mauborgne,Renee,Blue Ocean Strategy,audio,business
McDaniel,Mark,Make it Stick,none,business
Miller,Donald,Building a Story Brand,audio,business
Pink,Daniel,To Sell is Human,none,business
Ries,Eric,The Lean Startup,audio,business
Ries,Eric,The Startup Way,audio,business
Sax,David,The Revenge of Analog,none,business
Simon,Carmen,Impossible to Ignore ,none,business
Tabarrok,Alexander,Entrepreneurial Economics,none,business
Thiel,Peter,Zero to One,audio,business
Thorndike,William,The Outsiders,none,business
Vinsel,Lee,The Innovation Delusion,audio,business
Voss,Chris,Never Split the Difference,none,business
Zook,Chris,The Founders Mentality,none,business
Ashbrook,Thomas,Mansions of the Heart,paper,christianity
Augustine,,Confessions,none,christianity
Bell,Rob,Love Wins,none,christianity
Burke,John,Imagine Heaven,none,christianity
Clark,Mark,The Problem of God,none,christianity
Collins,Francis,The Language of God,paper,christianity
Dreher,Rod,The Benedict Option,none,christianity
Eldredge,John,Beautiful Outlaw,none,christianity
Frankl,Viktor,Mans Search for Meaning,paper,christianity
Kierkegaard,Soren,Fear and Tembling,paper,christianity
Kierkegaard,Soren,Two Discourses of God and Man,paper,christianity
King Jr,Martin Luther,Strength to Love,none,christianity
Lewis,CS,Mere Christianity,none,christianity
Lewis,CS,The Abolition of Man,none,christianity
Lewis,CS,The Great Divorce,none,christianity
Murrow,David,Why Men Hate Going to Church,none,christianity
Osborne,Larry,A Contrarians Guide to Knowing God,none,christianity
Stanley,Andy,Deep and Wide,none,christianity
Boole,George,The Mathematical Analysis of Logic,none,engineering_maths
Christian,Brian,Algorithms to Live By,none,engineering_maths
De Morgan,Augustus,Formal Logic,none,engineering_maths
Fry,Hannah,Being Human in the Age of Algorithms,none,engineering_maths
Fry,Hannah,Hello World,none,engineering_maths
Fry,Hannah,The Mathematics of Love,none,engineering_maths
Hamming,Richard,Art of Doing Science and Engineering,none,engineering_maths
Hand,David,The Improbability Principle,none,engineering_maths
Harvard University,,Annals of Mathematics,none,engineering_maths
Hossenfelder,Sabine,Lost in Math,none,engineering_maths
Kuprenas,John,101 Things I Learned in Engineering School,none,engineering_maths
Mazur,Joseph,Fluke,audio,engineering_maths
ONeill,Cathy,Weapons of Math Destruction,audio,engineering_maths
Oakley,Barbara,A Mind for Numbers,none,engineering_maths
Parker,Matt,Humble Pi,audio,engineering_maths
Shankar,R,Basic Training in Mathematics,none,engineering_maths
Strogatz,Steven,Infinite Powers,none,engineering_maths
Villani,Cedric,Birth of a Theorem,none,engineering_maths
Anderson,Hans Christian,Fairy Tales and Stories,audio,fantasy
Baum,L Frank,The Wonderful Wizard of Oz,audio,fantasy
Bradbury,Ray,Fahrenheit 451,audio,fantasy
Brothers Grimm,,Household Tales,audio,fantasy
Bulgakov,Mikhail,The Master and Margarita,none,fantasy
Bunyan,John,Pilgrims Progress,none,fantasy
Burgess,Anthony,A Clockwork Orange,audio,fantasy
Carroll,Lewis,Alices Adventures in Wonderland,audio,fantasy
Duncan,Glen,"I, Lucifer",none,fantasy
Ellison,Ralph,Invisible Man,none,fantasy
Grass,Gunter,The Tin Drum,none,fantasy
Hawthorne,Nathaniel,The House of the Seven Gables,none,fantasy
Kafka,Franz,The Metamorphosis,none,fantasy
LEngle,Madeleine,A Wrinkle in Time,none,fantasy
Lester,Julius,Uncle Remus,none,fantasy
Lewis,CS,Prince Caspian,audio,fantasy
Lewis,CS,The Horse and His Boy,audio,fantasy
Lewis,CS,The Last Battle,audio,fantasy
Lewis,CS,The Lion the Witch and the Wardrobe,audio,fantasy
Lewis,CS,The Magicians Nephew,audio,fantasy
Lewis,CS,The Silver Chair,audio,fantasy
Lewis,CS,The Voyage of the Dawn Treader,audio,fantasy
Lightman,Alan,Einsteins Dreams,none,fantasy
Lowry,Lois,The Giver,none,fantasy
Martin,George RR,A Clash of Kings,none,fantasy
Martin,George RR,A Dance with Dragons,none,fantasy
Martin,George RR,A Dream of Spring,none,fantasy
Martin,George RR,A Feast for Crows,none,fantasy
Martin,George RR,A Game of Thrones,none,fantasy
Martin,George RR,A Storm of Swords,none,fantasy
Martin,George RR,The Winds of Winter,none,fantasy
Milton,John,Paradise Lost,none,fantasy
Palahniuk,Chuck,Fight Club,none,fantasy
Palahniuk,Chuck,The Invention of Sound,none,fantasy
Pullman,Philip,Northern Lights,none,fantasy
Pullman,Philip,The Amber Spyglass,none,fantasy
Pullman,Philip,The Subtle Knife,none,fantasy
Rabelais,Francois,Gargantua and Pantagruel,none,fantasy
Rowling,JK,Harry Potter and The Chamber of Secrets,none,fantasy
Rowling,JK,Harry Potter and The Deadly Hallows,none,fantasy
Rowling,JK,Harry Potter and The Goblet of Fire,none,fantasy
Rowling,JK,Harry Potter and The Half Blood Prince,none,fantasy
Rowling,JK,Harry Potter and The Prisoner of Azkaban,none,fantasy
Rowling,JK,Harry Potter and The Sorcerers Stone,none,fantasy
Rowling,JK,Harry Potter and the Order of the Phoenix,none,fantasy
Saunders,George,Pastoralia,none,fantasy
Snicket,Lemony,A series of Unfortunate Events,none,fantasy
Stephenson,Neal,Cryptonomicon,none,fantasy
Swift,Jonathan,Gullivers Travels,none,fantasy
Tolkien,JRR,The Hobbit,none,fantasy
Tolkien,JRR,The Lord of the Rings,none,fantasy
Vandermeer,Jeff,Acceptance,audio,fantasy
Vandermeer,Jeff,Annihilation,audio,fantasy
Vandermeer,Jeff,Authority,audio,fantasy
Wilde,Oscar,The Picture of Dorian Gray,none,fantasy
Dougherty,Beth and Shawn,The Independent Farmstead,none,farming
Bogle,John,Enough,none,finance
Bogle,John,The Little Book of Common Sense Investing,none,finance
Buffett,Warren,The Essays of Warren Buffett,none,finance
Buffett,Warren,Warren Buffett Speaks,none,finance
Clason,George,The Richest Man in Babylon`,none,finance
Felber,Terry,The Legend of the Monk and the Merchant,none,finance
Fisher,Philip,Common Stocks and Uncommon Profits,none,finance
Gardner,David and Tom,The Motley Fool Investment Guide,paper,finance
Graham,Ben,The Intelligent Investor,none,finance
Griffin,Tren,Charlie Munger,none,finance
Hagstrom,Robert,The Warren Buffett Way,audio,finance
Hill,Napolean,Think and Grow Rich,none,finance
Lapin,Daniel,Thou Shall Prosper,none,finance
Lewis,Michael,Boomerang,audio,finance
Lewis,Michael,Flash Boys,audio,finance
Lewis,Michael,The Big Short,audio,finance
Lynch,Peter,Beating the Street,audio,finance
Lynch,Peter,One Up on Wall Street,audio,finance
Mallaby,Sebastian,More Money than God,none,finance
Marks,Howard,The Most Important Thing Illuminated,none,finance
Munger,Charlie,Poor Charlies Almanack,none,finance
Ramsey,Dave,The Legacy Journey,audio,finance
Robbins,Tony,MONEY Master the Game,none,finance
Robbins,Tony,Unshakable,none,finance
Asprey,David,Head Strong,audio,health
Breus,Michael,The Power of When,none,health
Ferriss,Tim,The 4 Hour Body,none,health
Ferriss,Tim,The 4 Hour Chef,none,health
Gartz,Jochen,Magic Mushrooms Around the World,none,health
Greenfield,Ben,Beyond Training,none,health
Hutchinson,Alex,Endure,audio,health
Langlitz,Nicolas,Neuropsychedelia,none,health
McDougall,Christopher,Born to Run,audio,health
McDougall,Christopher,Natural Born Heros,audio,health
Naranjo,Claudio,The Healing Journey,none,health
Pollan,Michael,How to Change Your Mind,audio,health
Pollan,Michael,The Omnivores Dilemma,none,health
Shulgin,Alexander,Pihkal,none,health
Shulgin,Alexander,Tihkal,none,health
Walker,Matthew,Why We Sleep,audio,health
Wolf,Fred,The Body Quantum,none,health
Ambrose,Stephen,Undaunted Courage,none,history
Ben-Ghiat,Ruth,Strongmen,none,history
Booth,Mark,The Secret History of the World,none,history
Browning,Christopher,Ordinary Men,audio,history
Buchanan,Mark,Ubiquity,none,history
Budiansky,Stephen,Code Warriors,audio,history
Chang,Iris,The Rape of Nanking,audio,history
Christian,David,A Big History of Everything,none,history
Davis,Wade,The Serpent and the Rainbow,none,history
Defoe,Daniel,The Storm,none,history
Doran,Michael,Ikes Gamble,none,history
Duncan,Mike,The Storm Before the Storm,none,history
Durant,Will,The Greatest Minds and Ideas of all Time,none,history
Durant,Will,The Lessons of History,none,history
Emerson,Michael,Divided by Faith,none,history
Fisk,Robert,The Great War for Civilisation,none,history
Gertner,Jon,The Idea Factory,audio,history
Gibbon,Edward,The Decline and Fall of the Roman Empire,none,history
Harari,Yuval Noah,21 Lessons for the 21st Century,audio,history
Harari,Yuval Noah,Homo Deus,audio,history
Harari,Yuval Noah,Sapiens,audio,history
Hosley,William,Colt,none,history
Junger,Sebastian,The Perfect Storm,none,history
Junger,Sebastian,Tribe,audio,history
Keegan,John,The Face of Battle,none,history
Kengor,Paul,A Pope and a President,none,history
Kurson,Robert,Shadow Divers,none,history
Leatherbarrow,Andrew,Chernobyl 01 23 40,none,history
Lee,Mike,Witten out of History,none,history
McGrayne,Sharon,The Theory That Would Not Die,none,history
Mlodinow,Leonard,The Upright Thinkers,audio,history
O'Neill,Tom,Chaos,audio,history
Orwell,George,Road to Wigan Pier,audio,history
Philbrick,Nathaniel,In the Heart of the Sea,audio,history
Quammen,David,The Tangled Tree,none,history
Rhodes,Richard,The Making of the Atomic Bomb,none,history
Roth,Benjamin,The Great Depression,none,history
Schlesinger Jr,Arthur,The Cycles of American History,none,history
Shirer,William,The Rise and Fall of the Third Reich,none,history
Shirley,Craig,Reagan Rising,none,history
Stockdale,James Bond,Courage Under Fire,none,history
Strathern,Paul,The Artist The Philosopher and The Warrior,none,history
Thucydides,,History of the Peloponnesian War,none,history
Vaillant,John,The Tiger,none,history
Winchester,Simon,Atlantic,audio,history
Winchester,Simon,Pacific,audio,history
Winchester,Simon,The Men Who United the States,audio,history
Wittman,Robert,Priceless,none,history
Camus,Albert,The Plague,none,horror
Harris,Thomas,Hannibal ,audio,horror
Harris,Thomas,Hannibal Rising,audio,horror
Harris,Thomas,Red Dragon,audio,horror
Harris,Thomas,Silence of the Lambs,audio,horror
King,Stephen,11 22 63,none,horror
King,Stephen,The Stand,none,horror
Shelley,Mary,Frankenstein,none,horror
Stevenson,Robert Louis,The Strange Case of Dr Jekyll and Mr Hyde,none,horror
Stoker,Bram,Dracula,none,horror
Covey,Stephen,Speed of Trust,audio,leadership
Dickson,John,Humilitas,none,leadership
Gini,Al,10 Virtues of Outstanding Leaders,paper,leadership
Godin,Seth,Tribes,audio,leadership
Hamilton,Craig,Wisdom in Leadership,none,leadership
Henry,Todd,Herding Tigers,none,leadership
Hybels,Bill,Axiom,none,leadership
Hybels,Bill,Courageous Leadership,none,leadership
Maxwell,John,The 360 Degree Leader,none,leadership
Stavridis,James,The Leaders Bookshelf,audio,leadership
Walker,Sam,The Captain Class,none,leadership
Achebe,Chinua,Things Fall Apart,paper,literary_fiction
Aeschylus,,Oresteia,audio,literary_fiction
Aeschylus,,Prometheus Bound,none,literary_fiction
Aeschylus,,Seven Against Thebes,none,literary_fiction
Aeschylus,,The Persians,none,literary_fiction
Aeschylus,,The Supplaints,none,literary_fiction
Alighieri,Dantes,The Divine Comedy,audio,literary_fiction
Aristophanes,,The Birds,none,literary_fiction
Aristophanes,,The Clouds,none,literary_fiction
Bacon,Francis,The New Atlantis,none,literary_fiction
Baudelaire,Charles,The Flowers of Evil,none,literary_fiction
Beckett,Samuel,Malone Dies,audio,literary_fiction
Beckett,Samuel,Molloy,audio,literary_fiction
Beckett,Samuel,The Unnamable,audio,literary_fiction
Bennett,William,The Books of Virtues ,none,literary_fiction
Boccaccio,Giovanni,Decameron,none,literary_fiction
Borges,Jorge Luis,Collected Fiction,none,literary_fiction
Borges,Jorge Luis,Labyrinths,none,literary_fiction
Byron,Lord,Don Juan,none,literary_fiction
Celine,Louis Ferdinand,Journey to the End of the Night,none,literary_fiction
Chekhov,Anton,The Stories of Anton Chekhov,none,literary_fiction
Coleridge,Samuel Taylor,The Rime of the Ancient Mariner,none,literary_fiction
Corneille,Pierre,Le Cid,none,literary_fiction
Dostoyevsky,Fyodor,Crime and Punishment,none,literary_fiction
Dostoyevsky,Fyodor,Demons,none,literary_fiction
Dostoyevsky,Fyodor,Notes from the Underground,none,literary_fiction
Dostoyevsky,Fyodor,The Brothers Karamazov,audio,literary_fiction
Dostoyevsky,Fyodor,The Double,none,literary_fiction
Dostoyevsky,Fyodor,The Idiot,none,literary_fiction
Dostoyevsky,Fyodor,The Possessed,none,literary_fiction
Eliot,TS,The Waste Land,none,literary_fiction
Euripides,,Hippolytus,none,literary_fiction
Euripides,,Medea,none,literary_fiction
Euripides,,The Bacchae,none,literary_fiction
Euripides,,Trojan Women,none,literary_fiction
Faulkner,William,Light in August,none,literary_fiction
Faulkner,William,The Sound and the Fury,none,literary_fiction
Fitzgerald,F Scott,The Great Gatsby,audio,literary_fiction
Fowles,John,The Collector,none,literary_fiction
Frost,Robert,The Poems of Robert Frost,none,literary_fiction
Gibran,Kahlil,The Prophet,none,literary_fiction
Gogol,Nikolai,Dead Souls,none,literary_fiction
Hardy,Thomas,Jude the Obscure,none,literary_fiction
Hawthorne,Nathaniel,The Scarlet Letter,none,literary_fiction
Hemingway,Ernest,A Moveable Feast,none,literary_fiction
Hemingway,Ernest,Men Without Women,none,literary_fiction
Hemingway,Ernest,Stories of Ernest Hemingway,none,literary_fiction
Homer,,The Iliad,none,literary_fiction
Homer,,The Odyssey,none,literary_fiction
Hugo,Victor,Les Miserables,none,literary_fiction
Joyce,James,Finnegans Wake,none,literary_fiction
Juvenal,,Satires,none,literary_fiction
Kafka,Franz,The Castle,none,literary_fiction
Kafka,Franz,The Complete Stories of Franz Kafka,none,literary_fiction
Kafka,Franz,The Trial,none,literary_fiction
Kazantzakis,Nikos,The Fratricides,none,literary_fiction
Kazantzakis,Nikos,Zorba the Greek,none,literary_fiction
Kerouac,Jack,On the Road,audio,literary_fiction
Kerouac,Jack,The Sea is My Brother,none,literary_fiction
Keyes,Daniel,Flowers for Algernon,none,literary_fiction
Kipling,Rudyard,Kim,none,literary_fiction
Kosinski,Jerzy,The Painted Bird,none,literary_fiction
Lee,Harper,To Kill a Mockingbird,none,literary_fiction
Longus,,Daphnis and Chloe,none,literary_fiction
Marquez,Gabriel Garcia,Love in the Time of Cholera,none,literary_fiction
Marquez,Gabriel Garcia,One Hundred Years of Solitude,none,literary_fiction
McCarthy,Cormac,The Road,audio,literary_fiction
Moliere,,Don Juan,none,literary_fiction
Moliere,,The Miser,none,literary_fiction
Moliere,,The School for Wives,none,literary_fiction
Moliere,,The Would Be Gentleman,none,literary_fiction
Moliere,,The Would Be Invalid,none,literary_fiction
More,Thomas,Utopia,none,literary_fiction
Nabokov,Vladimir,Lolita,none,literary_fiction
Nabokov,Vladimir,Pale Fire,none,literary_fiction
OConnor,Flannery,The Complete Stories of Flannery OConnor,none,literary_fiction
Orwell,George,Animal Farm ,audio,literary_fiction
Ovid,,Metamorphoses,none,literary_fiction
Poe,Edgar Allan,The Complete Tales and Poems of Edgar Allan Poe,none,literary_fiction
Poe,Edgar Allan,The Tell Tale Heart,none,literary_fiction
Proust,Marcel,In Search of Lost Time,none,literary_fiction
Proust,Marcel,The Prisoner,none,literary_fiction
Rushdie,Salman,Midnights Children,none,literary_fiction
Salinger,JD,The Catcher in the Rye,none,literary_fiction
Shakespeare,William,Hamlet,none,literary_fiction
Shakespeare,William,King Lear,none,literary_fiction
Shakespeare,William,Macbeth,none,literary_fiction
Shakespeare,William,Othello,none,literary_fiction
Shakespeare,William,Richard III,none,literary_fiction
Shakespeare,William,Romeo and Juliet,none,literary_fiction
Shakespeare,William,The Merchant of Venice,none,literary_fiction
Shakespeare,William,The Tempest,none,literary_fiction
Shikibu,Murasaki,The Tale of Genji,none,literary_fiction
Sinclair,Upton,The Jungle,paper,literary_fiction
Sophocles,,Ajax,none,literary_fiction
Sophocles,,Antigone,none,literary_fiction
Sophocles,,Electra,none,literary_fiction
Sophocles,,Oedipus at Colonus,none,literary_fiction
Sophocles,,Oedipus the King,none,literary_fiction
Sophocles,,Philoctetes,none,literary_fiction
Sophocles,,Women of Trachis,none,literary_fiction
Sterne,Laurence,"The Life and Opinions of Tristram Shandy, Gentleman",none,literary_fiction
Stewart,Gary,Storm,none,literary_fiction
Thackeray,William Makepeace,Vanity Fair,none,literary_fiction
Tolstoy,Leo,Anna Karenina,none,literary_fiction
Tolstoy,Leo,The Death of Ivan Ilyich,none,literary_fiction
Tolstoy,Leo,War and Peace,none,literary_fiction
Turgenev,Ivan,Fathers and Sons,none,literary_fiction
Updike,John,Pigeon Feathers,none,literary_fiction
Verne,Jules,From the Earth to the Moon,none,literary_fiction
Verne,Jules,Paris in the Twentieth Century,none,literary_fiction
Virgil,,The Aeneid,none,literary_fiction
Voltaire,,Candide,none,literary_fiction
Vonnegut,Kurt,A Man Without a Country,none,literary_fiction
Vonnegut,Kurt,Bluebeard,none,literary_fiction
Vonnegut,Kurt,Cats Cradle,none,literary_fiction
Vonnegut,Kurt,Deadeye Dick,none,literary_fiction
Vonnegut,Kurt,Galapagos,none,literary_fiction
Vonnegut,Kurt,Jailbird,none,literary_fiction
Vonnegut,Kurt,Mother Night,none,literary_fiction
Vonnegut,Kurt,Player Piano,none,literary_fiction
Vonnegut,Kurt,Slaughterhouse Five,none,literary_fiction
Waitzkin,Fred,Searching for Bobby Fischer,none,literary_fiction
Whitman,Walt,Leaves of Grass,none,literary_fiction
Wolfe,Tom,A Man in Full,none,literary_fiction
Woolf,Virginia,To the Lighthouse,none,literary_fiction
Wordsworth,William,The Prelude,none,literary_fiction
Yeats,WB,Collected Poems of WB Yeats,none,literary_fiction
de Balzac,Honore,Father Goriot,none,literary_fiction
de Saint Exupery,Antoine,The Little Prince,none,literary_fiction
von Goethe,Johann Wolfgang,Faust,audio,literary_fiction
Gawande,Atul,Being Mortal,audio,medicine
Hippocrates,,Hippocratic Corpus,none,medicine
Dass,Ram,Be Here Now,none,meditation
Camus,Albert,The Stranger,none,mystery
Doyle,Arthur Conan,The Complete Sherlock Holmes,audio,mystery
Doyle,Arthur Conan,The Hound of Baskervilles,audio,mystery
Hammett,Dashiell,The Maltese Falcon,none,mystery
Asimov,Isaac,The Human Brain,none,neuroscience
Bor,Daniel,Ravenous Brain,audio,neuroscience
Boutzat,Françoise,Consciousness Medicine,none,neuroscience
Chapman,Sandra,Make Your Brain Smarter,audio,neuroscience
Church,Dawson,Mind to Matter,none,neuroscience
Clement,Claude,Brain Computer Interface Technologies,none,neuroscience
Damasio,Antonio,Self Comes to Mind,audio,neuroscience
Damasio,Antonio,The Strange Order of Things,audio,neuroscience
DiSalvo,David,Brain Changers,audio,neuroscience
Dingler,Tilman,Technology Augmented Perception and Cognition,none,neuroscience
Doidge,Norman,The Brain That Changes Itself,none,neuroscience
Dow,Mike,The Brain Fog Fix,audio,neuroscience
Eagleman,David,The Brain,none,neuroscience
Eagleman,David,Livewired,none,neuroscience
Fallon,James,The Psychopath Inside,audio,neuroscience
Gazzaley,Adam,The Distracted Brain,none,neuroscience
Gibson,JJ,An Ecological Approach to Visual Perception,none,neuroscience
Goldberg,Elkhonon,The New Executive Brain,none,neuroscience
Guger,Christopher,Brain Computer Interface Research,none,neuroscience
Haier,Richard,The Neuroscience of Intelligence,none,neuroscience
Harris,Annaka,Conscious,none,neuroscience
Hurley,Dan,Smarter,audio,neuroscience
Jandial,Rahul,Neurofitness,none,neuroscience
Kandel,Eric,The Disordered Mind,audio,neuroscience
LeDoux,Joseph,The Emotional Brain,none,neuroscience
Martin,Roger,The Opposable Mind,none,neuroscience
McGilchrist,Iain,The Master and His Emissary,none,neuroscience
Medina,John,Brain Rules,audio,neuroscience
Neumann,Erich,The Origins and History of Consciousness,none,neuroscience
Nicolelis,Miguel,Beyond Boundaries,audio,neuroscience
Nicolelis,Miguel,The Relativistic Brain,none,neuroscience
Other,Anne,Trust Surrender Receive,none,neuroscience
Panksepp,Jaak,Affective Neuroscience,none,neuroscience
Parker,Philip,The 2021 to 2026 World Outlook for Smart Glasses Eye Tracking and Brain Computer Interface Systems,none,neuroscience
Perlmutter,David,Brain Maker,none,neuroscience
Rao,Rajesh,Brain Computer Interfacing,none,neuroscience
Ratey,John,Spark,audio,neuroscience
Sack,Oliver,On the Move,audio,neuroscience
Sacks,Oliver,An Anthropologist Goes to Mars,none,neuroscience
Sacks,Oliver,Awakenings,none,neuroscience
Sacks,Oliver,Hallucinations,audio,neuroscience
Sacks,Oliver,Musicophilia,audio,neuroscience
Sacks,Oliver,The Man Who Mistook His Wife for a Hat,none,neuroscience
Sacks,Oliver,The Minds Eye,audio,neuroscience
Sternberg,Eliezer,Neurologic,audio,neuroscience
Strassman,Rick,Inner Paths to Outer Space,none,neuroscience
Swanson,Larry,Brain Architecture,none,neuroscience
Wiener,Norbert,Cybernetics,none,neuroscience
Wolf,Maryanne,Proust and the Squid,none,neuroscience
Østby,Hilde,Adventures in Memory,none,neuroscience
Allen,James,As a Man Thinkth ,none,philosophy
Aquinas,Thomas,Selected Philosophical Writings,none,philosophy
Aurelius,Marcus,Meditations Gregory Hays Trans,none,philosophy
Bacon,Francis,The Advancement of Learning,none,philosophy
Bacon,Francis,The New Organon,none,philosophy
Bacon,Francis,The Wisdom of the Ancients,none,philosophy
Becker,Lawrence,A New Stoicism,none,philosophy
Botton,Alain de,The Consolations of Philosophy,none,philosophy
Campanella,Tommaso,The City of the Sun,none,philosophy
Epictetus,,A Manual for Living,none,philosophy
Epictetus,,Discourses,none,philosophy
Epictetus,,The Art of Living,none,philosophy
Evans,Jules,Philosophy for Life,none,philosophy
Graver,Margaret,Stoicism and Emotion,none,philosophy
Hadot,Pierre,Philosophy as a Way of Life,none,philosophy
Harris,Sam,Free Will,audio,philosophy
Hazlitt,William,The Pleasure of Hating,audio,philosophy
Heraclitus,,Fragments,none,philosophy
Herman,Arthur,The Cave and the Light,none,philosophy
Holiday,Ryan,Lives of the Stoics,audio,philosophy
Holiday,Ryan,The Daily Stoic,none,philosophy
Holowchak,Andrew,The Stoics,none,philosophy
Inwood,Brad,The Cambridge Companion to the Stoics,none,philosophy
Irvine,William,A Guide to the Good Life,none,philosophy
Kant,Immanuel,Critique of Pure Reason,none,philosophy
Kaufmann,Walter,Critique of Religion and Philosophy,none,philosophy
Kissinger,Henry,The Meaning of History,none,philosophy
Kreeft,Peter,Socrates Meets Jesus,none,philosophy
Less Wrong,,Agency,none,philosophy
Less Wrong,,Alignment,none,philosophy
Less Wrong,,Coordination,none,philosophy
Less Wrong,,Curiosity,none,philosophy
Less Wrong,,Epistemology,none,philosophy
McLynn,Frank,Marcus Aurelius,none,philosophy
Miller,James,Examined Lives,none,philosophy
Mitchell,Stephen,Tao Te Ching,none,philosophy
Nietzsche,Friedrich,Beyond Good and Evil,none,philosophy
Paine,Thomas,Age of Reason,none,philosophy
Pies,Ronald,Everything has Two Handles,none,philosophy
Pigliucci,Massimo,How to Be a Stoic,none,philosophy
Plato,,The Republic,none,philosophy
Ravenscroft,Ian,Philosophy of Mind,none,philosophy
Reagan,Ronald,The Notes,none,philosophy
Robertson,Donald,How to Think Like a Roman Emperor,audio,philosophy
Robertson,Donald,Stoicism and the Art of Happiness,none,philosophy
Robertson,Donald,The Philosophy of Cognitive Behavioral Therapy,none,philosophy
Romm,James,Dying Every Day,none,philosophy
Sandbach,FH,The Stoics,none,philosophy
Schopenhauer,Arthur,Essays and Aphorisms,none,philosophy
Sellars,John,Stoicism,none,philosophy
Seneca,,Anger Mercy Revenge,none,philosophy
Seneca,,De Clementia,none,philosophy
Seneca,,Dialogues and Essays,none,philosophy
Seneca,,Great Ideas on the Shortness of Life,none,philosophy
Seneca,,Letters from a Stoic,none,philosophy
Seneca,,On the Shortness of Life,none,philosophy
Sennett,Richard,The Conscience of the Eye,none,philosophy
Seung,Sebastian,Connectome,none,philosophy
Sharples,RW,Stoics Epicureans and Sceptics,none,philosophy
Sherman,Nancy,Stoic Warriors,none,philosophy
Smith,Adam,The Theory of Moral Sentiments,none,philosophy
Syrus,Publius,The Moral Sayings of Publius Syrus,none,philosophy
Wilson,Catherine,How to Be an Epicurean,none,philosophy
Aquinas,Thomas,On Law Morality and Politics,none,politics
Aquinas,Thomas,Politics and Ethics,none,politics
Bacon,Francis,Of Empire,none,politics
Carroll,Lewis,The Principles of Parliamentary Representation,none,politics
Coburn,Tom,Smashing the DC Monopoly,none,politics
Hamilton,Alexander,The Federalist Papers,none,politics
Hamilton,Alexander,US Constitution,none,politics
Hayek,Fredrich,The Road to Serfdom,none,politics
Hobbes,Thomas,Leviathan,none,politics
Levin,Mark,Liberty and Tyranny,none,politics
Levin,Mark,Plunder and Deceit,none,politics
Levin,Mark,Rediscovering Americanism,none,politics
Locke,John,Second Treatise of Government,none,politics
Marx,Carl,Communist Manifesto,audio,politics
Mill,John Stuart,On Liberty,none,politics
Paine,Thomas,Common Sense,none,politics
Raico,Ralph,Communist Manifesto,none,politics
Shapiro,Ben,Brainwashed,audio,politics
Shapiro,Ben,Bullies,audio,politics
Shapiro,Ben,The Right Side of History,audio,politics
Smith,Adam,The Wealth of Nations,audio,politics
Sunstein,Cass,Impeachment,none,politics
Cain,Susan,Quiet,none,productivity
Covey,Stephen,The 7 Habits of Highly Effective People,audio,productivity
Duhigg,Charles,Smarter Faster Better,none,productivity
Ericsson,Anders,Peak,none,productivity
Gawande,Atul,The Checklist Manifesto,audio,productivity
Hansen,Morten,Great at Work,none,productivity
Kahneman,Daniel,Thinking Fast and Slow,audio,productivity
McChesney,Chris,The 4 Disciplines of Execution,none,productivity
McKeown,Greg,Essentialism,none,productivity
Newport,Cal,Deep Work,audio,productivity
Newport,Cal,So Good They Cant Ignore You,none,productivity
Nisbett,Richard,Mindware,none,productivity
Oakley,Barbara,Learning How to Learn,none,productivity
Aquinas,Thomas,On Evil,none,psychology_sociology
Ariely,Dan,Predictably Irrational,audio,psychology_sociology
Babiak,Paul,Snakes in Suits,audio,psychology_sociology
Brady,Ian,The Gates of Janus,none,psychology_sociology
Brown,Pat,Killing for Sport,audio,psychology_sociology
Campbell,Joseph,Mascaras de Dios The Mask of God,none,psychology_sociology
Campbell,Joseph,The Hero with a Thousand Faces,none,psychology_sociology
Carnegie,Dale,How to Win Friends and Influence People,none,psychology_sociology
Carse,James,Finite and Infinite Games,none,psychology_sociology
Cialdini,Robert,Influence,none,psychology_sociology
Cialdini,Robert,Pre Suasion,none,psychology_sociology
Cleckley,Hervey,The Mask of Sanity,none,psychology_sociology
Csikszentmihalyi,Mihaly,Flow,none,psychology_sociology
Dobelli,Rolf,The Art of Thinking Clearly,none,psychology_sociology
Dweck,Carol,Mindset,none,psychology_sociology
Freud,Sigmund, Psychopathology of Everyday Life,none,psychology_sociology
Freud,Sigmund,Beyond the Pleasure Principle,none,psychology_sociology
Freud,Sigmund,Civilization and Its Discontents,none,psychology_sociology
Freud,Sigmund,Future of Illusion,none,psychology_sociology
Freud,Sigmund,Interpretation of Dreams,none,psychology_sociology
Freud,Sigmund,Introduction to Psychoanalysis,none,psychology_sociology
Freud,Sigmund,Jokes and Their Relation to the Unconscious,none,psychology_sociology
Freud,Sigmund,Moses and Monotheism,none,psychology_sociology
Freud,Sigmund,On Narcissism,none,psychology_sociology
Freud,Sigmund,Studies on Hysteria,none,psychology_sociology
Freud,Sigmund,Three Essays on the Theory of Sexuality,none,psychology_sociology
Freud,Sigmund,Totem and Taboo,none,psychology_sociology
Hansen,Adam,Outsmart Your Instincts,none,psychology_sociology
Hare,Robert,Without Conscience,none,psychology_sociology
Jung,Carl,Aion,none,psychology_sociology
Jung,Carl,Alchemical Studies,none,psychology_sociology
Jung,Carl,Archetypes and the Collective Unconscious,none,psychology_sociology
Jung,Carl,Childrens Dreams,none,psychology_sociology
Jung,Carl,Civilization in Transition,none,psychology_sociology
Jung,Carl,Development of Personality,none,psychology_sociology
Jung,Carl,Experimental Researches,none,psychology_sociology
Jung,Carl,Freud and Psychoanalysis,none,psychology_sociology
Jung,Carl,Man and His Symbols,none,psychology_sociology
Jung,Carl,Memories Dreams and Reflections,none,psychology_sociology
Jung,Carl,Modern Man in Search of a Soul,none,psychology_sociology
Jung,Carl,Mysterium Conjunctionis,none,psychology_sociology
Jung,Carl,Practice of Psychotherapy,none,psychology_sociology
Jung,Carl,Psychiatric Studies,none,psychology_sociology
Jung,Carl,Psychogenesis of Mental Disease,none,psychology_sociology
Jung,Carl,Psychological Types,none,psychology_sociology
Jung,Carl,Psychology and Alchemy,none,psychology_sociology
Jung,Carl,Psychology and Religion,none,psychology_sociology
Jung,Carl,Spirit in Man Art and Literature,none,psychology_sociology
Jung,Carl,Structure and Dynamics of the Psyche,none,psychology_sociology
Jung,Carl,Symbols of Transformation,none,psychology_sociology
Jung,Carl,Synchronicity,none,psychology_sociology
Jung,Carl,The Psychology of the Unconscious,none,psychology_sociology
Jung,Carl,The Red Book,none,psychology_sociology
Jung,Carl,The Symbolic Life,none,psychology_sociology
Jung,Carl,Two Essays on Analytics Psychology,none,psychology_sociology
Kelnter,Dacher,The Power Paradox,none,psychology_sociology
Kipnis,Aaron,The Midas Complex,none,psychology_sociology
Kotler,Steven,Stealing Fire,audio,psychology_sociology
Novak,David,Taking People with You,none,psychology_sociology
Peterson,Jordan,12 Rules for Life,audio,psychology_sociology
Peterson,Jordan,Maps of Meaning,audio,psychology_sociology
Pink,Daniel,Drive,none,psychology_sociology
Pink,Daniel,When,audio,psychology_sociology
Pinker,Steven,Enlightenment Now,paper,psychology_sociology
Pinker,Steven,The Stuff of Thought,audio,psychology_sociology
Rawls,John,A Theory of Justice,none,psychology_sociology
Sowell,Thomas,The Quest for Cosmic Justice,none,psychology_sociology
Zimbardo,Philip,The Time Paradox,none,psychology_sociology
Ali,Ayaan Hirsi,Heretic,none,religion_other
Dawkins,Richard,The God Delusion,audio,religion_other
Eliade,Mircea,History of Religious Ideas Volume 1,none,religion_other
Eliade,Mircea,History of Religious Ideas Volume 2,none,religion_other
Eliade,Mircea,History of Religious Ideas Volume 3,none,religion_other
Eliade,Mircea,Shamanism,none,religion_other
Harris,Sam,Islam,none,religion_other
Harris,Sam,Letter to a Christian Nation,audio,religion_other
Harris,Sam,The End of Faith,audio,religion_other
Harris,Sam,Waking Up,audio,religion_other
Hoff,Benjamin,The Tao of Pooh,audio,religion_other
Huxley,Aldous,The Doors of Perception,audio,religion_other
James,William,The Varieties of Religious Experience,none,religion_other
Nietzsche,Friedrich,Thus Spake Zarathustra,none,religion_other
Ridley,Matt,The Origins of Virtue,none,religion_other
Ruiz,Don Miguel,The Toltec Art of Life and Death,none,religion_other
Russell,Jeffrey,Mephistopheles,none,religion_other
Singer,Michael,The Untethered Soul,none,religion_other
Smith,Huston,The Worlds Religions,none,religion_other
Strieber,Whitley,The Super Natural,none,religion_other
Turek,Frank,Stealing from God,none,religion_other
Wilson,David Sloan,Darwins Cathedral,none,religion_other
Kortem,Tristram,Into the Storm,audio,sailing
Murphy,Brian,Adrift,audio,sailing
Woods,Stuart,Blue Water Green Skipper,audio,sailing
Adams,Douglas,Life the Universe and Everything,none,sci_fi
Adams,Douglas,So Long and Thanks for all the Fish,none,sci_fi
Adams,Douglas,The Hitchhikers Guide to the Galaxy,none,sci_fi
Adams,Douglas,The Restaurant at the End of the Universe,none,sci_fi
Anderson,Poul,Tau Zero,none,sci_fi
Asimov,Isaac,Forward to Foundation,none,sci_fi
Asimov,Isaac,Foundation,none,sci_fi
Asimov,Isaac,Foundation and Earth,none,sci_fi
Asimov,Isaac,Foundation and Empire,none,sci_fi
Asimov,Isaac,Foundations Edge,none,sci_fi
Asimov,Isaac,Prelude to Foundation,none,sci_fi
Asimov,Isaac,Second Foundation,none,sci_fi
Bradbury,Ray,A Sound of Thunder,none,sci_fi
Bradbury,Ray,The Martian Chronicals,none,sci_fi
Card,Orson Scott,A War of Gifts,audio,sci_fi
Card,Orson Scott,Children of the Fleet,audio,sci_fi
Card,Orson Scott,Children of the Mind,audio,sci_fi
Card,Orson Scott,Earth Afire,audio,sci_fi
Card,Orson Scott,Earth Awakens,audio,sci_fi
Card,Orson Scott,Earth Unaware,audio,sci_fi
Card,Orson Scott,Ender in Exile,audio,sci_fi
Card,Orson Scott,Enders Game,audio,sci_fi
Card,Orson Scott,Enders Shadow,audio,sci_fi
Card,Orson Scott,First Meetings,audio,sci_fi
Card,Orson Scott,Shadow Puppets,audio,sci_fi
Card,Orson Scott,Shadow of the Giant,audio,sci_fi
Card,Orson Scott,Shadow of the Hegemon,audio,sci_fi
Card,Orson Scott,Shadows in Flight,audio,sci_fi
Card,Orson Scott,Speaker of the Dead,audio,sci_fi
Card,Orson Scott,The Swarm,audio,sci_fi
Card,Orson Scott,Xenocide,audio,sci_fi
Chiang,Ted,Exhalation,none,sci_fi
Clarke,Arthur C,2001,none,sci_fi
Clarke,Arthur C,2010,none,sci_fi
Clarke,Arthur C,2061,none,sci_fi
Clarke,Arthur C,3001,none,sci_fi
Clarke,Arthur C,The Fountains of Paradise,none,sci_fi
Cline,Ernest,Ready Player One,audio,sci_fi
Cline,Ernest,Ready Player Two,none,sci_fi
Dick,Philip,Do Androids Dream of Electronic Sheep,none,sci_fi
Heinlein,Robert,The Moon is a Harsh Mistress,none,sci_fi
Herbert,Frank,Chapterhouse Dune,audio,sci_fi
Herbert,Frank,Children of Dune,audio,sci_fi
Herbert,Frank,Dune,audio,sci_fi
Herbert,Frank,Dune Messiah,audio,sci_fi
Herbert,Frank,God Emperor of Dune,audio,sci_fi
Herbert,Frank,Heretics of Dune,audio,sci_fi
Huxley,Aldous,Brave New World,audio,sci_fi
Huxley,Aldous,Island,none,sci_fi
Huxley,Aldous,Point Counterpoint,none,sci_fi
Lu,Marie,War Cross,none,sci_fi
Orwell,George,1984,audio,sci_fi
Peper,Eliot,Bandwidth,none,sci_fi
Rand,Ayn,Atlas Shrugged,audio,sci_fi
Scharf,Caleb,Gravitys Engines,none,sci_fi
Stephenson,Neal,Zodiac,audio,sci_fi
Suarez,Daniel,Daemon,none,sci_fi
Verne,Jules,The Time Machine,none,sci_fi
Weir,Andy,Artemis,none,sci_fi
Weir,Andy,The Martian,none,sci_fi
Wells,HG,The Invisible Man,audio,sci_fi
Wells,HG,The Island of Doctor Moreau,audio,sci_fi
Wells,HG,The Time Machine,audio,sci_fi
Wells,HG,The World Set Free,audio,sci_fi
Wells,HG,War of the Worlds,audio,sci_fi
Altaide,Dagogo,New Thinking,none,science
Ananthaswamy,Anil,Through Two Doors at Once,audio,science
Atkins,Peter,The Laws of Thermodynamics,none,science
Bacon,Francis,Novum Organum,none,science
Bahcall,Safi,Loonshots,audio,science
Beveridge,William,The Art of Scientific Investigation,none,science
Brooks,Rodney,Fields of Color,none,science
Bryson,Bill,A Short History of Nearly Everything,none,science
Burdick,Alan,Why Time Flies,none,science
Carroll,Sean,Brave Genius,none,science
Carroll,Sean,Dark Matter Dark Energy,none,science
Carroll,Sean,Spacetime and Geometry,none,science
Carroll,Sean,The Big Picture,none,science
Carroll,Sean,The Particle at the End of the Universe,none,science
Clark,John,Ignition,none,science
Collins,Francis,The Language of Life,none,science
Czerski,Helen,Storm in a Teacup,none,science
Darwin,Charles,On the Origin of Species,none,science
Darwin,Charles,The Power of Movement in Plants,none,science
Dawkins,Richard,River Out of Eden,none,science
Dawkins,Richard,The Selfish Gene,none,science
Doudna,Jennifer,A Crack in Creation,none,science
Deutsch,David,The Beginning of Infinity,none,science
Einstein,Albert,Relativity,none,science
Einstein,Albert,Religion and Science,none,science
Einstein,Albert,The Evolution of Physics,none,science
Einstein,Albert,The Meaning of Relativity,none,science
Einstein,Albert,The Principle of Relativity,none,science
Einstein,Albert,The World as I See It,none,science
Feynman,Richard,Lectures on Computation,none,science
Feynman,Richard,Lectures on Gravitation,none,science
Feynman,Richard,Lectures on Physics,none,science
Feynman,Richard,Perfectly Reasonable Deviations from the Beaten Track,none,science
Feynman,Richard,QED,none,science
Feynman,Richard,Six Easy Pieces,none,science
Feynman,Richard,Six Not So Easy Pieces,none,science
Feynman,Richard,The Feynman Lectures on Physics,none,science
Feynman,Richard,The Meaning of it All,audio,science
Feynman,Richard,The Pleasure of Finding Things Out,none,science
Feynman,Richard,The Quantum Labyrinth,none,science
French,Francis,In the Shadow of the Moon,none,science
Friedman,George,The Next 100 Years,none,science
Geroch,Robert,General Relativity from A to B,none,science
Gleick,James,Chaos,audio,science
Gleick,James,Faster,audio,science
Gleick,James,The Information,audio,science
Gleick,James,Time Travel,none,science
Greene,Brian,Elegant Universe,audio,science
Greene,Brian,Until the End of Time,audio,science
Gribbin,John,The Time Illusion,none,science
Hardin,Garrett,Filters Against Folly,none,science
Hawking,Stephen,A Brief History of Time,audio,science
Hawking,Stephen,A Briefer History of Time,audio,science
Hawking,Stephen,Black Holes,none,science
Hawking,Stephen,Black Holes and Baby Universes,none,science
Hawking,Stephen,Brief Answers to the Big Questions,audio,science
Hawking,Stephen,God Created the Integers,none,science
Hawking,Stephen,On the Shoulders of Giants,none,science
Hawking,Stephen,The Future of Spacetime,none,science
Hawking,Stephen,The Grand Design,none,science
Hawking,Stephen,The Universe in a Nutshell,audio,science
Herold,Eve,Beyond Human,none,science
Kaku,Michio,Beyond Einstein,none,science
Kaku,Michio,Einsteins Cosmos,none,science
Kaku,Michio,Hyperspace,none,science
Kaku,Michio,Parallel Worlds,none,science
Kaku,Michio,Physics of the Future,audio,science
Kaku,Michio,Physics of the Impossible,audio,science
Kaku,Michio,Quantum Field Theory,none,science
Kaku,Michio,The Future of Humanity,audio,science
Kaku,Michio,The Future of the Mind,audio,science
Kean,Sam,The Disappearing Spoon,none,science
Klein,David,Organic Chemistry as a Second Language,none,science
Krauss,Lawrence,A Universe from Nothing,none,science
Lanza,Robert,Beyond Biocentrism,none,science
Laplace,Pierre Simon,Mecanique Celeste,none,science
Lewis,Geraint,A Fortunate Universe,none,science
Morris,Desmond,The Naked Ape,none,science
Mukherjee,Siddhartha,The Gene,none,science
Muller,Richard,Now,audio,science
Newton,Isaac,Arithmetica Universalis,none,science
Newton,Isaac,Principia,none,science
Offit,Paul,Pandoras Lab,audio,science
Olson,Randy,"Houston, We Have a Narrative",none,science
Oneill,Gerad,The High Frontier,none,science
Oreskes,Naomi,Merchants of Doubt,none,science
Panek,Rick,The 4% Universe,audio,science
Paulson,Steve,Atoms and Eden,none,science
Penrose,Roger,Consciousness and the Universe,none,science
Penrose,Roger,Cycles of Time,none,science
Penrose,Roger,The Emperors New Mind,none,science
Penrose,Roger,The Large the Small and the Human Mind,none,science
Penrose,Roger,The Road to Reality,none,science
Planck,Max,A Survey of Physical Theory,none,science
Planck,Max,Eight Lectures in Theoretical Physics,none,science
Planck,Max,The Origin and Development of the Quantum Theory,none,science
Planck,Max,The Theory of Heat Radiation,none,science
Planck,Max,Treatise on Thermodynamics,none,science
Planck,Max,Where is Science Going,none,science
Ptomlemy,,Almagest,none,science
Rees,Martin,Just Six Numbers,none,science
Ridley,Matt,Genome,none,science
Rovelli,Carlo,7 Brief Lessons on Physics,audio,science
Sagan,Carl,Billions and Billions,none,science
Sagan,Carl,Brocas Game,none,science
Sagan,Carl,Cosmos,none,science
Sagan,Carl,Intelligent Life in the Universe,none,science
Sagan,Carl,Pale Blue Dot,none,science
Sagan,Carl,Shadows of Forgotten Ancestors,none,science
Sagan,Carl,The Demon Haunted World,none,science
Sagan,Carl,The Dragons of Eden,none,science
Sagan,Carl,The Varieties of the Scientific Experience,none,science
Schrodinger,Erwin,What is Life,none,science
Schroeder,Gerald,Genesis and the Big Bang,none,science
Shaknar,R,Fundamentals of Physics I,none,science
Shaknar,R,Fundamentals of Physics II,none,science
Stenger,Victor,The Fallacy of Fine Tuning,none,science
Teresi,Dick,The God Particle,none,science
Thomas,Andrew,Hidden in Plain Sight,audio,science
Thorne,Kip,Black Holes and Time Warps,none,science
Thorne,Kip,Modern Classical Physics,none,science
Thorne,Kip,The Science of Interstellar,audio,science
Tyson,Neil deGrasse,Astrophysics for People in a Hurry,audio,science
Tyson,Neil deGrasse,Death by Black Hole,audio,science
Tyson,Neil deGrasse,Inexplicable Universe,audio,science
Tyson,Neil deGrasse,Origins,audio,science
Wallace Wells,,The Uninhabitable Earth,audio,science
Watson,James,The Double Helix,none,science
Wharton,Charles,Metabolic Man,none,science
Wilczek,Frank,Fundamentals,none,science
Wilson,David Sloan,Evolution for Everyone,none,science
Wilson,David Sloan,The Neighborhood Project,none,science
Wilson,Edward,Letters to a Young Scientist,none,science
Wolfram,Stephen,A New Kind of Science,none,science
Adler,Mortimer,How to Read a Book,none,self_improvement
Ahmed,Waqas,The Polymath,none,self_improvement
Argyris,Chris,Teaching Smart People How to Learn,none,self_improvement
Beaudine,Bob,The Power of Who,none,self_improvement
Bevelin,Peter,A Few Lessons from Sherlock Holmes,none,self_improvement
Bevelin,Peter,Seeking Wisdom,none,self_improvement
Books,David,The Road to Character,none,self_improvement
Boser,Ulrich,Learn Better,none,self_improvement
Bradbury,Travis,Emotional Intelligence 2,none,self_improvement
Cambell,Joseph,The Heros Journey,none,self_improvement
Carey,Benedict,How We Learn,none,self_improvement
Cloud,Henry,Integrity,none,self_improvement
Colvin,Geoffrey,Talent is Overrated,none,self_improvement
Coyle,Daniel,The Talent Code,none,self_improvement
Cron,Ian,The Road Back to You,none,self_improvement
Duhigg,Charles,The Power of Habit,audio,self_improvement
Epictetus,,Art of Living,none,self_improvement
Epstein,David,Range,none,self_improvement
Ferriss,Tim,The 4 Hour Work Week,audio,self_improvement
Ferriss,Tim,Tools of Titans,none,self_improvement
Ferriss,Tim,Tribe of Mentors,none,self_improvement
Foer,Joshua,Moonwalking with Einstein,audio,self_improvement
Gibson,Lindsay,Recovery from Emotionally Immature Parents,none,self_improvement
Gil,Elad,High Growth Handbook ,none,self_improvement
Gilbert,Elizabeth,Big Magic,audio,self_improvement
Gladwell,Malcolm,Blink,audio,self_improvement
Gladwell,Malcolm,Outliers,audio,self_improvement
Gladwell,Malcolm,Talking to Strangers,audio,self_improvement
Gladwell,Malcom,David and Goliath,audio,self_improvement
Godin,Seth,Linchpin,audio,self_improvement
Hess,Edward,Learn or Die,audio,self_improvement
Holiday,Ryan,Conspiracy,none,self_improvement
Holiday,Ryan,Ego is the Enemy,none,self_improvement
Holiday,Ryan,Stillness is the Key,paper,self_improvement
Holiday,Ryan,The Obstacle is the Way,none,self_improvement
Hyatt,Michael,Living Forward ,none,self_improvement
Hybels,Bill,"Simplify	",none,self_improvement
Koch,Charles,The Science of Success,none,self_improvement
Morin,Amy,13 Things Mentally Strong People Avoid,none,self_improvement
Parrish,Shane,The Great Mental Models Volume 1,paper,self_improvement
Parrish,Shane,The Great Mental Models Volume 2,paper,self_improvement
Pausch,Randy,The Last Lecture,none,self_improvement
Pressfield,Steven,The War of Art,none,self_improvement
Pryor,Karen,Dont Shoot the Dog,none,self_improvement
Rawlins,Jack,The Writers Way,none,self_improvement
Read,Leonard,I Pencil,none,self_improvement
Robbins,Tony,Awaken the Giant Within,none,self_improvement
Robinson,Adam,What Smart Students Know,none,self_improvement
Santella,Andrew,Soon,audio,self_improvement
Sinek,Simon,Start with Why,none,self_improvement
Sinek,Simon,The Infinite Game,audio,leadership
Spraul,V Anton,Think Like a Programmer,none,self_improvement
Thompson,Derek,Hit Makers,none,self_improvement
Waitzkin,Joshua,The Art of Learning,audio,self_improvement
Watts,Alan,Become What You Are,none,self_improvement
Wenger,Win,The Einstein Factor,none,self_improvement
Young,Scott,Ultralearning,none,self_improvement
Alinsky,Saul,Reveille for Radicals,none,strategy
Alinsky,Saul,Rules for Radicals,none,strategy
Burger,Edward,The 5 Elements of Effective Thinking,none,strategy
Dixit,Avinash,Thinking Strategically,none,strategy
Freedman,Lawrence,Strategy,none,strategy
Greene,Robert,Mastery,audio,strategy
Greene,Robert,The 33 Strategies of War,audio,strategy
Greene,Robert,The 48 Laws of Power,audio,strategy
Musashi,Miyamoto,The Book of Five Rings,none,strategy
Puccio,Gerard,The Creative Thinkers Toolkit,audio,strategy
Raynor,Michael,The Strategy Paradox,none,strategy
Ridgley,Stanley,Strategic Thinking Skills,audio,strategy
Tzu,Sun,The Art of War,none,strategy
von Clausewitz,Carl,On War,none,strategy
Antonopoulos,Andreas,Mastering Bitcoin,none,technology
Antonopoulos,Andreas,Mastering Ethereum,none,technology
Auerbach,David,Bitwise,audio,technology
Bentley,Jon,Programming Pearls,none,technology
Brownlee,Jason,Master Machine Learning Algoithms,none,technology
Bruce,Peter,Practical Statistics for Data Scientists,none,technology
Brunton,Steven,Data Drive Science and Engineering,none,technology
Burnicke,Chris,Cryptoassets,none,technology
Casey,Michael,The Truth Machine,none,technology
Ceruzzi,Paul,Computing,audio,technology
Chandra,Vikram,Geek Sublime,audio,technology
Christian,Brian,The Most Human Human,audio,technology
Danjou,Julien,Serious Python,none,technology
Davies,Tilman,The Book of R,none,technology
DeBarros,Anthony,Practical SQL,none,technology
Drexler,K Eric,Radial Abundance,none,technology
Dreyfus,Hubert,Mind Over Machine,none,technology
Dyson,George,Turings Cathedral,audio,technology
Eremenko,Kirill,Confident Data Skills,none,technology
Farrell,Peter,Math Adventures with Python,none,technology
Ford,Martin,Rise of the Robots,none,technology
Gowrishankar,S,Introduction to Python Programming,none,technology
Grus,Joel,Data Science from Scratch,none,technology
Hanson,Robin,The Age of Em,none,technology
Jacobsen,Annie,The Pentagons Brain,none,technology
Kelly,Kevin,The Inevitable,audio,technology
Khanna,Parag,Connectography,audio,technology
Knuth,Donald,The Art of Computer Programming,none,technology
Kurzweil,Ray,The Singularity is Near,audio,technology
Lee,Kai Fu,AI Superpowers,none,technology
Lewis,Michael,Next,audio,technology
Lutz,Mark,Learning Python,none,technology
Matloff,Norman,The Art of R Programming,none,technology
Matthes,Eric,Python Crash Course,audio,technology
McGrath,Mike,Python,none,technology
McGrath,Mike,R for Data Analysis,none,technology
Moravec,Hans,Mind Children,none,technology
Moravec,Hans,Robot,none,technology
OConnell,Mark,To Be a Machine,audio,technology
Occupytheweb,,Linux Basics for Hackers,none,technology
Raschka,Sebastian,Python Machine Learning,none,technology
Rudder,Christian,Dataclysm,audio,technology
Rushkoff,Douglas,Program or Be Programmed,none,technology
Russell,Stuart,Human Compatible,audio,technology
Scharre,Paul,Army of None,audio,technology
Shaw,Zed,Learn Python3 the Hard Way,none,technology
Shotts,William,The Linux Command Line,none,technology
Steiner,Christopher,Automate this,audio,technology
Swan,Melanie,Blockchain,paper,technology
Sweigart,Al,Automate the Boring Stuff,none,technology
Sweigart,Al,Cracking Codes with Python,none,technology
Tapscott,Don,Blockchain Revolution,none,technology
Tegmark,Max,Life 3,audio,technology
Thompson,Clive,Coders,none,technology
Vaughan,Lee,Impractical Python Projects,none,technology
McPhee,John,Draft No 4,none,writing